name,lat,lon,humidity,time_recorded
Bazpur,29.15,79.116669,80,2017-07-15T21:55:50Z
Baloda Bazar,21.66667,82.166672,100,2017-07-15T21:55:50Z
Azamgarh,26.059999,83.186111,70,2017-07-15T21:55:50Z
Walbrzych,50.771412,16.284321,84,2017-07-13T09:49:20Z
Zhengzhou,34.757778,113.648613,64,2017-07-13T09:49:20Z
Villazon,-22.08659,-65.594223,30,2017-07-13T09:49:21Z
Uchiza,-8.45917,-76.463333,59,2017-07-13T09:49:24Z
Hazorasp,41.319439,61.074169,28,2017-07-13T09:49:25Z
Chinoz,40.93639,68.769722,37,2017-07-13T09:49:26Z
Mucumpiz,8.41667,-71.133331,99,2017-07-13T09:49:26Z
Buzovna,40.517891,50.113899,92,2017-07-13T09:49:26Z
Amirdzhan,40.426392,49.983608,88,2017-07-13T09:49:26Z
Nuzvid,16.783331,80.849998,87,2017-07-13T09:49:35Z
Suzaka,36.650002,138.316666,98,2017-07-13T09:49:35Z
Salzburg,47.799412,13.04399,80,2017-07-13T09:49:38Z
Venezia,45.43861,12.32667,57,2017-07-13T09:49:38Z
La Paz,-34.761669,-56.22361,76,2017-07-13T09:49:40Z
Monze,-16.283331,27.48333,32,2017-07-13T09:49:41Z
Petrozavodsk,61.784912,34.346909,60,2017-07-13T09:49:41Z
Vyazemskiy,47.537777,134.752502,90,2017-07-13T09:49:41Z
Voronezh,51.666389,39.169998,85,2017-07-13T09:49:41Z
Kozani,40.301109,21.78639,26,2017-07-13T09:49:43Z
Potenza,40.644321,15.80857,23,2017-07-13T09:49:43Z
Yuzhno-Sakhalinsk,46.958118,142.733658,85,2017-07-13T09:49:45Z
La Paz,-16.5,-68.150002,19,2017-07-13T09:49:45Z
Miyazaki-shi,31.91111,131.423889,100,2017-07-13T09:49:46Z
Kashiwazaki,37.366669,138.550003,97,2017-07-13T09:49:47Z
Enzan,35.700001,138.733337,98,2017-07-13T09:49:47Z
Uozu,36.799999,137.399994,94,2017-07-13T09:49:47Z
Tarumizu,31.48333,130.699997,100,2017-07-13T09:49:47Z
Obanazawa,38.603329,140.401947,94,2017-07-13T09:49:47Z
Ozu,33.5,132.550003,98,2017-07-13T09:49:47Z
Tezpur,26.633329,92.800003,90,2017-07-13T09:49:48Z
Uzice,43.858608,19.84878,61,2017-07-13T09:49:48Z
Sarzana,44.11145,9.95859,83,2017-07-13T09:49:48Z
Penzance,50.11861,-5.53715,100,2017-07-13T09:49:49Z
Heidenheim an der Brenz,48.677979,10.15162,76,2017-07-13T09:49:52Z
Sulzbach-Rosenberg,49.498329,11.75167,77,2017-07-13T09:49:52Z
Tabriz,38.080002,46.291901,45,2017-07-13T09:49:53Z
Kazerun,29.61949,51.654148,17,2017-07-13T09:49:53Z
Bandar-e Anzali,37.472698,49.4622,100,2017-07-13T09:49:53Z
Cadiz,36.533611,-6.29944,22,2017-07-13T09:49:54Z
Kunduz,36.728958,68.857002,31,2017-07-13T09:49:55Z
Sidi Bouzid,35.038231,9.48494,11,2017-07-13T09:49:55Z
Bizerte,37.274422,9.87391,71,2017-07-13T09:49:56Z
Izmir,38.412731,27.13838,50,2017-07-13T09:49:56Z
Gebze,40.802761,29.430679,86,2017-07-13T09:49:56Z
Orhangazi,40.48917,29.308889,41,2017-07-13T09:49:56Z
Cerkezkoy,41.285,28.00028,97,2017-07-13T09:49:56Z
Geulzuk,40.716671,29.828609,44,2017-07-13T09:49:56Z
Erzincan,39.75222,39.492779,22,2017-07-13T09:49:56Z
Rize,41.020828,40.521938,58,2017-07-13T09:49:56Z
Kuzhithurai,8.31667,77.183327,100,2016-11-21T10:20:47Z
Kizhake Chalakudi,10.3,76.349998,90,2016-11-21T10:20:48Z
Jahazpur,25.616671,75.283333,59,2016-11-21T10:20:52Z
Ghazipur,25.58333,83.566673,83,2016-11-21T10:20:53Z
Firozabad,27.15,78.416672,71,2016-11-21T10:20:53Z
Fazilka,30.4,74.033333,76,2016-11-21T10:20:53Z
Faizpur,21.16667,75.849998,67,2016-11-21T10:20:53Z
Chandur Bazar,21.241671,77.74556,73,2016-11-21T10:20:55Z
Bazpur,29.15,79.116669,81,2016-11-21T10:20:55Z
Baloda Bazar,21.66667,82.166672,71,2016-11-21T10:20:55Z
Azamgarh,26.059999,83.186111,81,2016-11-21T10:20:55Z
Aizawl,23.73333,92.716667,89,2016-11-21T10:20:55Z
Afzalpur,17.200001,76.349998,62,2016-11-21T10:20:55Z
Afzalgarh,29.4,78.683327,81,2016-11-21T10:20:55Z
Muvattupuzha,9.97985,76.573807,79,2016-11-21T10:20:55Z
Rawanduz,36.61631,44.531109,77,2016-11-21T10:20:57Z
Az Zubayr,30.39447,47.701141,65,2016-11-21T10:20:57Z
Al Aziziyah,32.90583,45.06163,83,2016-11-21T10:20:59Z
Saqqez,36.24992,46.273499,38,2016-11-21T10:21:02Z
Shahin Dezh,36.679298,46.566898,58,2016-11-21T10:21:02Z
Sabzevar,36.212601,57.681911,71,2016-11-21T10:21:02Z
Ramhormoz,31.27997,49.603512,61,2016-11-21T10:21:02Z
Neyriz,29.198799,54.327801,72,2016-11-21T10:21:03Z
Nazarabad,35.952099,50.607498,78,2016-11-21T10:21:03Z
Mehriz,31.591681,54.431782,86,2016-11-21T10:21:03Z
Firuzabad,28.8438,52.570702,79,2016-11-21T10:21:06Z
Borazjan,29.2666,51.2159,74,2016-11-21T10:21:08Z
Azna,33.609501,48.930698,78,2016-11-21T10:21:10Z
Ahvaz,31.320299,48.6693,43,2016-11-21T10:21:10Z
Dorcheh Piaz,32.61528,51.555561,71,2016-11-21T10:21:10Z
Pozzallo,36.730541,14.84989,99,2016-11-21T10:21:11Z
Catanzaro,38.890789,16.5987,100,2016-11-21T10:21:11Z
Vigonza,45.427601,11.95941,98,2016-11-21T10:21:12Z
Terzigno,40.81221,14.49644,94,2016-11-21T10:21:13Z
Selvazzano Dentro,45.391392,11.80051,98,2016-11-21T10:21:13Z
San Lazzaro di Savena,44.46777,11.41401,97,2016-11-21T10:21:13Z
Rozzano,45.38187,9.16055,100,2016-11-21T10:21:13Z
Roseto degli Abruzzi,42.666351,14.0227,86,2016-11-21T10:21:14Z
Pomezia,41.667011,12.50518,80,2016-11-21T10:21:14Z
Oderzo,45.779999,12.48806,98,2016-11-21T10:21:15Z
Melzo,45.50127,9.42525,100,2016-11-21T10:21:15Z
Gorizia,45.94088,13.62167,100,2016-11-21T10:21:15Z
Gorgonzola,45.53157,9.40465,100,2016-11-21T10:21:15Z
Fidenza,44.86396,10.06668,100,2016-11-21T10:21:15Z
Cavarzere,45.135559,12.08167,98,2016-11-21T10:21:15Z
Carate Brianza,45.673679,9.23594,100,2016-11-21T10:21:15Z
Calenzano,43.855949,11.16272,97,2016-11-21T10:21:15Z
Busto Arsizio,45.611279,8.84914,100,2016-11-21T10:21:15Z
Arzignano,45.519291,11.33859,96,2016-11-21T10:21:15Z
Anzio,41.447491,12.62707,100,2016-11-21T10:21:15Z
Albano Laziale,41.728729,12.6608,80,2016-11-21T10:21:16Z
Okazaki,34.950001,137.166672,100,2016-11-21T10:21:17Z
Kaizuka,34.450001,135.350006,100,2016-11-21T10:21:19Z
Shizunai,42.333889,142.366943,100,2016-11-21T10:21:20Z
Kizukuri,40.80611,140.386108,100,2016-11-21T10:21:20Z
Buzen,33.61153,131.13002,100,2016-11-21T10:21:23Z
Kyzyl-Kyya,40.25684,72.12793,93,2016-11-21T10:21:25Z
Bazar-Korgon,41.037601,72.745857,94,2016-11-21T10:21:25Z
Rezekne,56.5,27.316669,91,2016-11-21T10:21:29Z
Tiznit,29.69742,-9.73162,100,2016-11-21T10:21:29Z
Taza,34.209999,-4.01,54,2016-11-21T10:21:29Z
Ouazzane,34.797112,-5.58224,73,2016-11-21T10:21:29Z
Ouarzazat,30.91894,-6.89341,31,2016-11-21T10:21:30Z
Bouznika,33.789421,-7.15968,100,2016-11-21T10:21:30Z
Azrou,33.434429,-5.22126,52,2016-11-21T10:21:30Z
Miandrivazo,-19.51667,45.466671,60,2016-11-21T10:21:33Z
Ambatondrazaka,-17.83333,48.416672,42,2016-11-21T10:21:34Z
Dzuunharaa,48.852291,106.457863,46,2016-11-21T10:21:37Z
Dalandzadgad,43.570831,104.425003,52,2016-11-21T10:21:37Z
Mzimba,-11.9,33.599998,92,2016-11-21T10:21:39Z
Santa Maria Moyotzingo,19.25,-98.400002,30,2016-11-21T10:21:39Z
Kuzhithurai,8.31667,77.183327,93,2017-07-15T09:55:48Z
Kizhake Chalakudi,10.3,76.349998,93,2017-07-15T09:55:49Z
Aizawl,23.73333,92.716667,95,2017-07-13T09:54:41Z
Afzalpur,17.200001,76.349998,84,2017-07-13T09:54:41Z
Afzalgarh,29.4,78.683327,91,2017-07-13T09:54:41Z
Muvattupuzha,9.97985,76.573807,97,2017-07-13T09:54:41Z
Rawanduz,36.61631,44.531109,34,2017-07-13T09:54:41Z
Az Zubayr,30.39447,47.701141,16,2017-07-13T09:54:42Z
Al Aziziyah,32.90583,45.06163,12,2017-07-13T09:54:42Z
Saqqez,36.24992,46.273499,25,2017-07-13T09:54:42Z
Shahin Dezh,36.679298,46.566898,30,2017-07-13T09:54:42Z
Sabzevar,36.212601,57.681911,57,2017-07-13T09:54:42Z
Ramhormoz,31.27997,49.603512,10,2017-07-13T09:54:42Z
Neyriz,29.198799,54.327801,12,2017-07-13T09:54:43Z
Nazarabad,35.952099,50.607498,68,2017-07-13T09:54:43Z
Mehriz,31.591681,54.431782,18,2017-07-13T09:54:43Z
Firuzabad,28.8438,52.570702,13,2017-07-13T09:54:43Z
Borazjan,29.2666,51.2159,37,2017-07-13T09:54:44Z
Azna,33.609501,48.930698,60,2017-07-13T09:54:44Z
Ahvaz,31.320299,48.6693,8,2017-07-13T09:54:44Z
Dorcheh Piaz,32.61528,51.555561,41,2017-07-13T09:54:44Z
Pozzallo,36.730541,14.84989,25,2017-07-13T09:54:44Z
Catanzaro,38.890789,16.5987,49,2017-07-13T09:54:44Z
Vigonza,45.427601,11.95941,57,2017-07-13T09:54:44Z
Terzigno,40.81221,14.49644,93,2017-07-13T09:54:44Z
Selvazzano Dentro,45.391392,11.80051,57,2017-07-13T09:54:44Z
San Lazzaro di Savena,44.46777,11.41401,42,2017-07-13T09:54:44Z
Rozzano,45.38187,9.16055,72,2017-07-13T09:54:44Z
Roseto degli Abruzzi,42.666351,14.0227,57,2017-07-13T09:54:44Z
Pomezia,41.667011,12.50518,25,2017-07-13T09:54:44Z
Oderzo,45.779999,12.48806,73,2017-07-13T09:54:44Z
Melzo,45.50127,9.42525,49,2017-07-13T09:54:44Z
Gorizia,45.94088,13.62167,85,2017-07-13T09:54:44Z
Gorgonzola,45.53157,9.40465,49,2017-07-13T09:54:44Z
Fidenza,44.86396,10.06668,78,2017-07-13T09:54:44Z
Cavarzere,45.135559,12.08167,57,2017-07-13T09:54:44Z
Carate Brianza,45.673679,9.23594,49,2017-07-13T09:54:44Z
Calenzano,43.855949,11.16272,42,2017-07-13T09:54:44Z
Busto Arsizio,45.611279,8.84914,49,2017-07-13T09:54:44Z
Arzignano,45.519291,11.33859,47,2017-07-13T09:54:44Z
Anzio,41.447491,12.62707,99,2017-07-13T09:54:44Z
Albano Laziale,41.728729,12.6608,25,2017-07-13T09:54:44Z
Okazaki,34.950001,137.166672,100,2017-07-13T09:54:44Z
Kaizuka,34.450001,135.350006,93,2017-07-13T09:54:44Z
Shizunai,42.333889,142.366943,92,2017-07-13T09:54:45Z
Kizukuri,40.80611,140.386108,98,2017-07-13T09:54:45Z
Buzen,33.61153,131.13002,99,2017-07-13T09:54:45Z
Kyzyl-Kyya,40.25684,72.12793,64,2017-07-13T09:54:45Z
Bazar-Korgon,41.037601,72.745857,97,2017-07-13T09:54:45Z
Rezekne,56.5,27.316669,89,2017-07-13T09:54:46Z
Tiznit,29.69742,-9.73162,100,2017-07-13T09:54:46Z
Taza,34.209999,-4.01,11,2017-07-13T09:54:46Z
Ouazzane,34.797112,-5.58224,34,2017-07-13T09:54:46Z
Ouarzazat,30.91894,-6.89341,8,2017-07-13T09:54:46Z
Bouznika,33.789421,-7.15968,93,2017-07-13T09:54:46Z
Azrou,33.434429,-5.22126,7,2017-07-13T09:54:46Z
Miandrivazo,-19.51667,45.466671,39,2017-07-13T09:54:46Z
Ambatondrazaka,-17.83333,48.416672,67,2017-07-13T09:54:47Z
Dzuunharaa,48.852291,106.457863,71,2017-07-13T09:54:49Z
Dalandzadgad,43.570831,104.425003,38,2017-07-13T09:54:49Z
Mzimba,-11.9,33.599998,88,2017-07-13T09:54:49Z
Santa Maria Moyotzingo,19.25,-98.400002,40,2017-07-13T09:54:49Z
Poza Rica de Hidalgo,20.53315,-97.459457,93,2017-07-13T09:54:49Z
Ozumba de Alzate,19.049999,-98.800003,61,2017-07-13T09:54:49Z
Comitan de Dominguez,16.25,-92.133331,64,2017-07-13T09:54:49Z
Ciudad Mendoza,18.799999,-97.183327,47,2017-07-13T09:54:49Z
Ciudad Fernandez,21.950001,-100,100,2017-07-13T09:54:49Z
Chichen-Itza,20.66667,-88.566673,90,2017-07-13T09:54:49Z
Chiapa de Corzo,16.700001,-93,49,2017-07-13T09:54:49Z
Ciudad Lopez Mateos,19.558331,-99.261391,92,2017-07-13T09:54:49Z
Acatzingo de Hidalgo,18.98333,-97.783333,40,2017-07-13T09:54:49Z
Acapulco de Juarez,16.863359,-99.890099,99,2017-07-13T09:54:49Z
San Mateo Otzacatipan,19.327221,-99.606667,84,2017-07-13T09:54:49Z
Manzanillo,19.05011,-104.318787,76,2017-07-13T09:54:50Z
Jerez de Garcia Salinas,22.65,-103,77,2017-07-13T09:54:50Z
Encarnacion de Diaz,21.51667,-102.23333,83,2017-07-13T09:54:50Z
Atoyac de Alvarez,17.200001,-100.433327,99,2017-07-13T09:54:50Z
Lazaro Cardenas,17.95833,-102.199997,66,2017-07-13T09:54:50Z
Montepuez,-13.12556,38.999722,40,2017-07-13T09:54:51Z
Ozubulu,5.95666,6.84904,80,2017-07-13T09:54:52Z
Gwoza,11.10359,13.71298,70,2017-07-13T09:54:54Z
Gwarzo,11.91521,7.9346,70,2017-07-13T09:54:54Z
Ezza Ohu,6.4373,8.0862,87,2017-07-13T09:54:54Z
Enugu-Ezike,6.9825,7.457,79,2017-07-13T09:54:54Z
Darazo,10.99375,10.41179,64,2017-07-13T09:54:54Z
Azare,11.6765,10.1948,48,2017-07-13T09:54:54Z
La Paz Centro,12.34,-86.675278,93,2017-07-13T09:54:55Z
Terneuzen,51.335831,3.82778,79,2017-07-13T09:54:55Z
s-Gravenzande,52.001671,4.16528,100,2017-07-13T09:54:55Z
Oldenzaal,52.313332,6.92917,81,2017-07-13T09:54:55Z
Huizen,52.299171,5.24167,82,2017-07-13T09:54:55Z
Enkhuizen,52.703331,5.29167,94,2017-07-13T09:54:55Z
Delfzijl,53.330002,6.91806,76,2017-07-13T09:54:55Z
Benthuizen,52.077499,4.54444,82,2017-07-13T09:54:55Z
Nazca,-14.83333,-74.949997,73,2017-07-13T09:54:55Z
Ozamiz City,8.14583,123.844437,97,2017-07-13T09:54:55Z
Norzagaray,14.9109,121.049301,93,2017-07-13T09:54:55Z
Munoz,15.71611,120.903061,97,2017-07-13T09:54:55Z
Rodriguez,14.7314,121.141701,93,2017-07-13T09:54:55Z
Lopez,13.88444,122.264168,100,2017-07-13T09:54:56Z
La Paz,15.44125,120.72863,93,2017-07-13T09:54:56Z
Cadiz,10.95056,123.285561,95,2017-07-13T09:54:56Z
Yazman Mandi,29.12122,71.744591,58,2017-07-13T09:54:56Z
Wazirabad,32.445831,74.115936,85,2017-07-13T09:54:56Z
Utmanzai,34.187988,71.762863,96,2017-07-13T09:54:56Z
Naushahro Firoz,26.842381,68.122978,67,2017-07-13T09:54:57Z
Muzaffargarh,30.075371,71.192131,71,2017-07-13T09:54:57Z
Muzaffarabad,34.369999,73.471107,97,2017-07-13T09:54:57Z
Hazro,33.909142,72.492119,96,2017-07-13T09:54:58Z
Hafizabad,32.06786,73.685448,85,2017-07-13T09:54:58Z
Fazalpur,32.183331,75.066673,86,2017-07-13T09:54:58Z
Dera Ghazi Khan,30.056141,70.634773,71,2017-07-13T09:54:58Z
Chak Azam Saffo,30.75,73.033333,80,2017-07-13T09:54:58Z
Wieliczka,49.987381,20.06473,74,2017-07-13T09:54:58Z
Skarzysko-Kamienna,51.11311,20.87162,75,2017-07-13T09:54:58Z
Siemiatycze,52.427189,22.86231,85,2017-07-13T09:54:58Z
Przemysl,49.784981,22.767281,85,2017-07-13T09:54:58Z
Pruszkow,52.170719,20.81214,76,2017-07-13T09:54:58Z
Minsk Mazowiecki,52.179352,21.57251,82,2017-07-13T09:54:58Z
Lomza,53.178059,22.059349,76,2017-07-13T09:54:58Z
Leczna,51.301208,22.88135,93,2017-07-13T09:54:58Z
Konstancin-Jeziorna,52.0938,21.117611,76,2017-07-13T09:54:58Z
Hrubieszow,50.805019,23.892509,98,2017-07-13T09:54:58Z
Grodzisk Mazowiecki,52.10387,20.633699,76,2017-07-13T09:54:58Z
Gierloz,54.081341,21.49551,74,2017-07-13T09:54:58Z
Trzcianka,53.04063,16.45628,85,2017-07-13T09:54:58Z
Poznan,52.406921,16.92993,71,2017-07-13T09:54:58Z
Pleszew,51.896358,17.78549,73,2017-07-13T09:54:58Z
Myszkow,50.575199,19.32461,76,2017-07-13T09:54:58Z
Miedzyrzecz,52.444611,15.57801,76,2017-07-13T09:54:58Z
Libiaz,50.103958,19.31568,76,2017-07-13T09:54:58Z
Leczyca,52.059589,19.19972,67,2017-07-13T09:54:58Z
Koszalin,54.194382,16.17222,84,2017-07-13T09:54:58Z
Jastrzebie Zdroj,49.955421,18.574789,76,2017-07-13T09:54:58Z
Gniezno,52.534809,17.58259,72,2017-07-13T09:54:58Z
Dabrowa Gornicza,50.31818,19.2374,76,2017-07-13T09:54:58Z
Czeladz,50.315418,19.078239,76,2017-07-13T09:54:58Z
Cieszyn,49.751331,18.63213,76,2017-07-13T09:54:58Z
Chodziez,52.995049,16.9198,81,2017-07-13T09:54:58Z
Bydgoszcz,53.123501,18.00762,72,2017-07-13T09:54:58Z
Bedzin,50.326069,19.12565,76,2017-07-13T09:54:58Z
Aleksandrow Lodzki,51.819649,19.303841,67,2017-07-13T09:54:58Z
Mayaguez,18.201071,-67.139618,100,2017-07-13T09:54:58Z
Gaza,31.5,34.466671,98,2017-07-13T09:54:58Z
Al Ayzariyah,31.770781,35.269161,51,2017-07-13T09:54:58Z
Santa Iria da Azoia,38.846291,-9.08748,38,2017-07-13T09:54:58Z
Queluz,38.756569,-9.25451,38,2017-07-13T09:54:58Z
Povoa de Varzim,41.383438,-8.76364,86,2017-07-13T09:54:59Z
San Lorenzo,-25.33333,-57.533329,69,2017-07-13T09:54:59Z
Mizil,45.01667,26.450001,93,2017-07-13T09:54:59Z
Breaza,45.183331,25.66667,93,2017-07-13T09:54:59Z
Lazarevac,44.385342,20.255699,61,2017-07-13T09:54:59Z
Yelizavetinskaya,45.04446,38.795799,30,2017-07-13T09:54:59Z
Uzlovaya,53.981789,38.171181,74,2017-07-13T09:54:59Z
Ryazhsk,53.7038,40.110901,97,2017-07-13T09:54:59Z
Novouzensk,50.459171,48.143059,38,2017-07-13T09:55:00Z
Nizhnyaya Tura,58.629299,59.811798,68,2017-07-13T09:55:00Z
Nazran,43.226109,44.764999,47,2017-07-13T09:55:00Z
Mozhga,56.444691,52.227631,72,2017-07-13T09:55:00Z
Mozdok,43.749168,44.688061,28,2017-07-13T09:55:00Z
Kozelsk,54.03746,35.771591,78,2017-07-13T09:55:00Z
Kazan,55.788738,49.122139,73,2017-07-13T09:55:00Z
Inozemtsevo,44.09264,43.091129,49,2017-07-13T09:55:00Z
Ezhva,61.812809,50.72834,37,2017-07-13T09:55:00Z
Bezhetsk,57.785061,36.69651,90,2017-07-13T09:55:00Z
Berezovskiy,55.599998,86.199997,87,2017-07-13T09:55:01Z
Krasnoznamensk,55.599442,37.038609,79,2017-07-13T09:55:01Z
Izluchinsk,60.979439,76.92421,56,2017-07-13T09:55:01Z
Musanze,-1.49984,29.63497,55,2017-07-13T09:55:01Z
Ad-Damazin,11.7891,34.3592,88,2017-07-13T09:55:02Z
Ruzomberok,49.074799,19.30751,65,2017-07-13T09:55:03Z
Prievidza,48.77446,18.627501,65,2017-07-13T09:55:03Z
Povazska Bystrica,49.121529,18.42169,56,2017-07-13T09:55:03Z
Brezno,48.80431,19.636311,70,2017-07-13T09:55:03Z
Az Zabadani,33.72488,36.100498,34,2017-07-13T09:55:03Z
Izaz,36.58662,37.04628,12,2017-07-13T09:55:03Z
Manzini,-26.48333,31.366671,24,2017-07-13T09:55:03Z
Tursunzoda,38.51437,68.233269,93,2017-07-13T09:55:05Z
Boldumsaz,42.128239,59.671009,36,2017-07-13T09:55:05Z
Dasoguz,41.83625,59.966621,36,2017-07-13T09:55:05Z
Menzel Jemil,37.236179,9.91448,71,2017-07-13T09:55:06Z
Manzil Bu Zalafah,36.683121,10.58431,92,2017-07-13T09:55:06Z
Menzel Bourguiba,37.153679,9.78594,71,2017-07-13T09:55:06Z
Majaz al Bab,36.649639,9.61231,71,2017-07-13T09:55:06Z
Zarzis,33.503979,11.11216,92,2017-07-13T09:55:06Z
Douz,33.46632,9.0203,13,2017-07-13T09:55:06Z
Pazarcik,37.486851,37.29961,12,2017-07-13T09:55:06Z
Kiziltepe,37.193329,40.584999,13,2017-07-13T09:55:06Z
Gazipasa,36.269421,32.317921,100,2017-07-13T09:55:06Z
Ezine,39.78561,26.34083,70,2017-07-13T09:55:06Z
Bozyazi,36.1082,32.961128,75,2017-07-13T09:55:06Z
Bozuyuk,39.90778,30.036671,27,2017-07-13T09:55:06Z
Banaz,38.737068,29.75194,18,2017-07-13T09:55:06Z
Denizciler,36.649509,36.229561,45,2017-07-13T09:55:06Z
Korfez,40.776669,29.729719,44,2017-07-13T09:55:06Z
Vezirkopru,41.143608,35.45472,20,2017-07-13T09:55:06Z
Kizilcahamam,40.469719,32.650558,17,2017-07-13T09:55:06Z
Kazan,40.23167,32.683891,17,2017-07-13T09:55:06Z
Izmit,40.766941,29.916941,44,2017-07-13T09:55:06Z
Ferizli,40.940819,30.48583,44,2017-07-13T09:55:06Z
Beypazari,40.1675,31.92111,33,2017-07-13T09:55:06Z
Besikduzu,41.051991,39.228439,45,2017-07-13T09:55:06Z
Beylikduezue,40.981998,28.6399,86,2017-07-13T09:55:07Z
Sultangazi,41.106522,28.868469,86,2017-07-13T09:55:07Z
Uvinza,-5.10361,30.391109,42,2017-07-13T09:55:07Z
Muheza,-5.16667,38.783329,52,2017-07-13T09:55:07Z
Mlandizi,-6.7,38.73333,52,2017-07-13T09:55:07Z
Mazinde,-4.8,38.216671,56,2017-07-13T09:55:08Z
Izazi,-7.2,35.73333,36,2017-07-13T09:55:08Z
Chalinze,-6.63784,38.353958,47,2017-07-13T09:55:08Z
Lozova,48.88937,36.317551,42,2017-07-13T09:55:09Z
Lugazi,0.37722,32.91972,100,2017-07-13T09:55:09Z
Lutz,28.151119,-82.461479,80,2017-07-13T09:55:11Z
Martinez,33.517361,-82.075668,49,2017-07-13T09:55:11Z
Hazelwood,38.771439,-90.370949,86,2017-07-13T09:55:12Z
Wentzville,38.81144,-90.852913,80,2017-07-13T09:55:12Z
Schertz,29.55217,-98.26973,56,2017-07-13T09:55:14Z
Hazel Park,42.46254,-83.104088,87,2017-07-13T09:55:17Z
Kalamazoo,42.29171,-85.587227,83,2017-07-13T09:55:17Z
Elizabeth,40.66399,-74.210701,61,2017-07-13T09:55:17Z
Hazleton,40.95842,-75.974648,65,2017-07-13T09:55:18Z
Azusa,34.133621,-117.907562,50,2017-07-13T09:55:19Z
East Rancho Dominguez,33.898071,-118.195351,50,2017-07-13T09:55:19Z
Martinez,38.019371,-122.134132,49,2017-07-13T09:55:19Z
San Lorenzo,37.681042,-122.124413,49,2017-07-13T09:55:19Z
Santa Cruz,36.974121,-122.0308,65,2017-07-13T09:55:19Z
Keizer,44.99012,-123.026207,47,2017-07-13T09:55:20Z
Hazel Dell,45.671509,-122.66288,59,2017-07-13T09:55:21Z
Erkelenz,51.083328,6.31667,67,2017-07-13T09:55:21Z
Chandur Bazar,21.241671,77.74556,89,2017-07-13T21:56:17Z
Bazpur,29.15,79.116669,96,2017-07-13T21:56:18Z
Baloda Bazar,21.66667,82.166672,100,2017-07-13T21:56:18Z
Azamgarh,26.059999,83.186111,95,2017-07-13T21:56:18Z
Aizawl,23.73333,92.716667,76,2017-07-13T21:56:18Z
Afzalpur,17.200001,76.349998,97,2017-07-13T21:56:18Z
Afzalgarh,29.4,78.683327,96,2017-07-13T21:56:18Z
Muvattupuzha,9.97985,76.573807,78,2017-07-13T21:56:18Z
Rawanduz,36.61631,44.531109,38,2017-07-13T21:56:18Z
Az Zubayr,30.39447,47.701141,15,2017-07-13T21:56:18Z
Al Aziziyah,32.90583,45.06163,15,2017-07-13T21:56:19Z
Saqqez,36.24992,46.273499,31,2017-07-13T21:56:19Z
Shahin Dezh,36.679298,46.566898,43,2017-07-13T21:56:19Z
Sabzevar,36.212601,57.681911,44,2017-07-13T21:56:19Z
Ramhormoz,31.27997,49.603512,11,2017-07-13T21:56:19Z
Neyriz,29.198799,54.327801,13,2017-07-13T21:56:19Z
Nazarabad,35.952099,50.607498,91,2017-07-13T21:56:19Z
Mehriz,31.591681,54.431782,28,2017-07-13T21:56:19Z
Firuzabad,28.8438,52.570702,13,2017-07-13T21:56:20Z
Borazjan,29.2666,51.2159,35,2017-07-13T21:56:20Z
Azna,33.609501,48.930698,41,2017-07-13T21:56:21Z
Ahvaz,31.320299,48.6693,12,2017-07-13T21:56:21Z
Dorcheh Piaz,32.61528,51.555561,33,2017-07-13T21:56:21Z
Pozzallo,36.730541,14.84989,0,2017-07-13T21:56:21Z
Catanzaro,38.890789,16.5987,63,2017-07-13T21:56:21Z
Vigonza,45.427601,11.95941,0,2017-07-13T21:56:21Z
Terzigno,40.81221,14.49644,0,2017-07-13T21:56:21Z
Selvazzano Dentro,45.391392,11.80051,0,2017-07-13T21:56:21Z
San Lazzaro di Savena,44.46777,11.41401,0,2017-07-13T21:56:21Z
Rozzano,45.38187,9.16055,0,2017-07-13T21:56:21Z
Roseto degli Abruzzi,42.666351,14.0227,0,2017-07-13T21:56:21Z
Pomezia,41.667011,12.50518,0,2017-07-13T21:56:21Z
Oderzo,45.779999,12.48806,0,2017-07-13T21:56:21Z
Melzo,45.50127,9.42525,0,2017-07-13T21:56:21Z
Gorizia,45.94088,13.62167,0,2017-07-13T21:56:21Z
Gorgonzola,45.53157,9.40465,0,2017-07-13T21:56:21Z
Fidenza,44.86396,10.06668,0,2017-07-13T21:56:21Z
Cavarzere,45.135559,12.08167,0,2017-07-13T21:56:21Z
Carate Brianza,45.673679,9.23594,0,2017-07-13T21:56:21Z
Calenzano,43.855949,11.16272,0,2017-07-13T21:56:21Z
Busto Arsizio,45.611279,8.84914,0,2017-07-13T21:56:21Z
Arzignano,45.519291,11.33859,0,2017-07-13T21:56:21Z
Anzio,41.447491,12.62707,0,2017-07-13T21:56:21Z
Albano Laziale,41.728729,12.6608,0,2017-07-13T21:56:21Z
Okazaki,34.950001,137.166672,98,2017-07-13T21:56:21Z
Kaizuka,34.450001,135.350006,85,2017-07-13T21:56:21Z
Shizunai,42.333889,142.366943,95,2017-07-13T21:56:21Z
Kizukuri,40.80611,140.386108,90,2017-07-13T21:56:21Z
Buzen,33.61153,131.13002,91,2017-07-13T21:56:22Z
Kyzyl-Kyya,40.25684,72.12793,97,2017-07-13T21:56:22Z
Bazar-Korgon,41.037601,72.745857,100,2017-07-13T21:56:22Z
Rezekne,56.5,27.316669,86,2017-07-13T21:56:23Z
Tiznit,29.69742,-9.73162,0,2017-07-13T21:56:23Z
Taza,34.209999,-4.01,0,2017-07-13T21:56:23Z
Ouazzane,34.797112,-5.58224,0,2017-07-13T21:56:23Z
Ouarzazat,30.91894,-6.89341,0,2017-07-13T21:56:23Z
Bouznika,33.789421,-7.15968,0,2017-07-13T21:56:23Z
Azrou,33.434429,-5.22126,0,2017-07-13T21:56:23Z
Miandrivazo,-19.51667,45.466671,37,2017-07-13T21:56:23Z
Ambatondrazaka,-17.83333,48.416672,55,2017-07-13T21:56:24Z
Dzuunharaa,48.852291,106.457863,53,2017-07-13T21:56:25Z
Dalandzadgad,43.570831,104.425003,17,2017-07-13T21:56:26Z
Mzimba,-11.9,33.599998,82,2017-07-13T21:56:26Z
Jahazpur,25.616671,75.283333,99,2017-07-15T09:55:49Z
Ghazipur,25.58333,83.566673,86,2017-07-15T09:55:49Z
Firozabad,27.15,78.416672,69,2017-07-15T09:55:49Z
Fazilka,30.4,74.033333,61,2017-07-15T09:55:49Z
Faizpur,21.16667,75.849998,81,2017-07-15T09:55:49Z
Chandur Bazar,21.241671,77.74556,92,2017-07-15T09:55:50Z
Santa Maria Moyotzingo,19.25,-98.400002,49,2017-07-13T21:56:26Z
Poza Rica de Hidalgo,20.53315,-97.459457,100,2017-07-13T21:56:26Z
Ozumba de Alzate,19.049999,-98.800003,64,2017-07-13T21:56:26Z
Comitan de Dominguez,16.25,-92.133331,97,2017-07-13T21:56:26Z
Ciudad Mendoza,18.799999,-97.183327,91,2017-07-13T21:56:26Z
Ciudad Fernandez,21.950001,-100,93,2017-07-13T21:56:26Z
Chichen-Itza,20.66667,-88.566673,94,2017-07-13T21:56:26Z
Chiapa de Corzo,16.700001,-93,66,2017-07-13T21:56:26Z
Ciudad Lopez Mateos,19.558331,-99.261391,99,2017-07-13T21:56:26Z
Acatzingo de Hidalgo,18.98333,-97.783333,49,2017-07-13T21:56:26Z
Acapulco de Juarez,16.863359,-99.890099,100,2017-07-13T21:56:26Z
San Mateo Otzacatipan,19.327221,-99.606667,92,2017-07-13T21:56:26Z
Manzanillo,19.05011,-104.318787,93,2017-07-13T21:56:26Z
Jerez de Garcia Salinas,22.65,-103,98,2017-07-13T21:56:26Z
Encarnacion de Diaz,21.51667,-102.23333,93,2017-07-13T21:56:26Z
Atoyac de Alvarez,17.200001,-100.433327,100,2017-07-13T21:56:27Z
Lazaro Cardenas,17.95833,-102.199997,89,2017-07-13T21:56:27Z
Montepuez,-13.12556,38.999722,44,2017-07-13T21:56:28Z
Ozubulu,5.95666,6.84904,0,2017-07-13T21:56:29Z
Gwoza,11.10359,13.71298,0,2017-07-13T21:56:30Z
Gwarzo,11.91521,7.9346,0,2017-07-13T21:56:30Z
Ezza Ohu,6.4373,8.0862,0,2017-07-13T21:56:31Z
Enugu-Ezike,6.9825,7.457,0,2017-07-13T21:56:31Z
Darazo,10.99375,10.41179,0,2017-07-13T21:56:31Z
Azare,11.6765,10.1948,0,2017-07-13T21:56:31Z
La Paz Centro,12.34,-86.675278,100,2017-07-13T21:56:31Z
Terneuzen,51.335831,3.82778,0,2017-07-13T21:56:31Z
s-Gravenzande,52.001671,4.16528,0,2017-07-13T21:56:31Z
Oldenzaal,52.313332,6.92917,0,2017-07-13T21:56:31Z
Huizen,52.299171,5.24167,0,2017-07-13T21:56:31Z
Enkhuizen,52.703331,5.29167,0,2017-07-13T21:56:31Z
Delfzijl,53.330002,6.91806,0,2017-07-13T21:56:31Z
Benthuizen,52.077499,4.54444,0,2017-07-13T21:56:32Z
Nazca,-14.83333,-74.949997,95,2017-07-13T21:56:32Z
Ozamiz City,8.14583,123.844437,73,2017-07-13T21:56:32Z
Norzagaray,14.9109,121.049301,99,2017-07-13T21:56:32Z
Munoz,15.71611,120.903061,84,2017-07-13T21:56:32Z
Rodriguez,14.7314,121.141701,99,2017-07-13T21:56:32Z
Lopez,13.88444,122.264168,100,2017-07-13T21:56:32Z
La Paz,15.44125,120.72863,99,2017-07-13T21:56:32Z
Cadiz,10.95056,123.285561,95,2017-07-13T21:56:33Z
Yazman Mandi,29.12122,71.744591,62,2017-07-13T21:56:33Z
Wazirabad,32.445831,74.115936,92,2017-07-13T21:56:33Z
Utmanzai,34.187988,71.762863,90,2017-07-13T21:56:33Z
Naushahro Firoz,26.842381,68.122978,81,2017-07-13T21:56:34Z
Muzaffargarh,30.075371,71.192131,67,2017-07-13T21:56:34Z
Muzaffarabad,34.369999,73.471107,71,2017-07-13T21:56:34Z
Hazro,33.909142,72.492119,90,2017-07-13T21:56:34Z
Hafizabad,32.06786,73.685448,92,2017-07-13T21:56:34Z
Fazalpur,32.183331,75.066673,83,2017-07-13T21:56:34Z
Dera Ghazi Khan,30.056141,70.634773,67,2017-07-13T21:56:35Z
Chak Azam Saffo,30.75,73.033333,90,2017-07-13T21:56:35Z
Wieliczka,49.987381,20.06473,77,2017-07-13T21:56:35Z
Skarzysko-Kamienna,51.11311,20.87162,75,2017-07-13T21:56:35Z
Siemiatycze,52.427189,22.86231,79,2017-07-13T21:56:35Z
Przemysl,49.784981,22.767281,94,2017-07-13T21:56:35Z
Pruszkow,52.170719,20.81214,94,2017-07-13T21:56:35Z
Minsk Mazowiecki,52.179352,21.57251,85,2017-07-13T21:56:35Z
Lomza,53.178059,22.059349,80,2017-07-13T21:56:35Z
Leczna,51.301208,22.88135,81,2017-07-13T21:56:35Z
Konstancin-Jeziorna,52.0938,21.117611,94,2017-07-13T21:56:35Z
Hrubieszow,50.805019,23.892509,71,2017-07-13T21:56:35Z
Grodzisk Mazowiecki,52.10387,20.633699,94,2017-07-13T21:56:35Z
Gierloz,54.081341,21.49551,78,2017-07-13T21:56:35Z
Trzcianka,53.04063,16.45628,0,2017-07-13T21:56:35Z
Poznan,52.406921,16.92993,73,2017-07-13T21:56:35Z
Pleszew,51.896358,17.78549,77,2017-07-13T21:56:35Z
Myszkow,50.575199,19.32461,78,2017-07-13T21:56:35Z
Miedzyrzecz,52.444611,15.57801,0,2017-07-13T21:56:35Z
Libiaz,50.103958,19.31568,76,2017-07-13T21:56:35Z
Leczyca,52.059589,19.19972,76,2017-07-13T21:56:35Z
Koszalin,54.194382,16.17222,0,2017-07-13T21:56:35Z
Jastrzebie Zdroj,49.955421,18.574789,76,2017-07-13T21:56:35Z
Gniezno,52.534809,17.58259,78,2017-07-13T21:56:35Z
Dabrowa Gornicza,50.31818,19.2374,76,2017-07-13T21:56:35Z
Czeladz,50.315418,19.078239,76,2017-07-13T21:56:35Z
Cieszyn,49.751331,18.63213,76,2017-07-13T21:56:35Z
Chodziez,52.995049,16.9198,89,2017-07-13T21:56:35Z
Bydgoszcz,53.123501,18.00762,78,2017-07-13T21:56:35Z
Bedzin,50.326069,19.12565,76,2017-07-13T21:56:35Z
Aleksandrow Lodzki,51.819649,19.303841,76,2017-07-13T21:56:35Z
Mayaguez,18.201071,-67.139618,100,2017-07-13T21:56:35Z
Gaza,31.5,34.466671,100,2017-07-13T21:56:35Z
Al Ayzariyah,31.770781,35.269161,59,2017-07-13T21:56:35Z
Santa Iria da Azoia,38.846291,-9.08748,0,2017-07-13T21:56:35Z
Queluz,38.756569,-9.25451,0,2017-07-13T21:56:35Z
Povoa de Varzim,41.383438,-8.76364,0,2017-07-13T21:56:35Z
San Lorenzo,-25.33333,-57.533329,61,2017-07-13T21:56:35Z
Mizil,45.01667,26.450001,83,2017-07-13T21:56:35Z
Breaza,45.183331,25.66667,83,2017-07-13T21:56:35Z
Lazarevac,44.385342,20.255699,53,2017-07-13T21:56:35Z
Yelizavetinskaya,45.04446,38.795799,47,2017-07-13T21:56:35Z
Uzlovaya,53.981789,38.171181,77,2017-07-13T21:56:36Z
Ryazhsk,53.7038,40.110901,73,2017-07-13T21:56:36Z
Novouzensk,50.459171,48.143059,35,2017-07-13T21:56:36Z
Nizhnyaya Tura,58.629299,59.811798,58,2017-07-13T21:56:36Z
Nazran,43.226109,44.764999,54,2017-07-13T21:56:36Z
Mozhga,56.444691,52.227631,68,2017-07-13T21:56:37Z
Mozdok,43.749168,44.688061,42,2017-07-13T21:56:37Z
Kozelsk,54.03746,35.771591,87,2017-07-13T21:56:37Z
Kazan,55.788738,49.122139,76,2017-07-13T21:56:37Z
Inozemtsevo,44.09264,43.091129,68,2017-07-13T21:56:37Z
Ezhva,61.812809,50.72834,43,2017-07-13T21:56:37Z
Bezhetsk,57.785061,36.69651,94,2017-07-13T21:56:37Z
Berezovskiy,55.599998,86.199997,70,2017-07-13T21:56:38Z
Krasnoznamensk,55.599442,37.038609,95,2017-07-13T21:56:38Z
Izluchinsk,60.979439,76.92421,57,2017-07-13T21:56:38Z
Musanze,-1.49984,29.63497,57,2017-07-13T21:56:38Z
Aizawl,23.73333,92.716667,92,2017-07-14T09:56:01Z
Afzalpur,17.200001,76.349998,81,2017-07-14T09:56:01Z
Afzalgarh,29.4,78.683327,79,2017-07-14T09:56:01Z
Muvattupuzha,9.97985,76.573807,100,2017-07-14T09:56:01Z
Rawanduz,36.61631,44.531109,48,2017-07-14T09:56:02Z
Az Zubayr,30.39447,47.701141,17,2017-07-14T09:56:02Z
Al Aziziyah,32.90583,45.06163,12,2017-07-14T09:56:02Z
Saqqez,36.24992,46.273499,21,2017-07-14T09:56:03Z
Shahin Dezh,36.679298,46.566898,84,2017-07-14T09:56:03Z
Sabzevar,36.212601,57.681911,32,2017-07-14T09:56:03Z
Ramhormoz,31.27997,49.603512,12,2017-07-14T09:56:03Z
Neyriz,29.198799,54.327801,14,2017-07-14T09:56:03Z
Nazarabad,35.952099,50.607498,72,2017-07-14T09:56:03Z
Mehriz,31.591681,54.431782,23,2017-07-14T09:56:03Z
Firuzabad,28.8438,52.570702,14,2017-07-14T09:56:03Z
Borazjan,29.2666,51.2159,46,2017-07-14T09:56:04Z
Ad-Damazin,11.7891,34.3592,92,2017-07-13T21:56:39Z
Ruzomberok,49.074799,19.30751,64,2017-07-13T21:56:40Z
Prievidza,48.77446,18.627501,64,2017-07-13T21:56:40Z
Povazska Bystrica,49.121529,18.42169,65,2017-07-13T21:56:40Z
Brezno,48.80431,19.636311,69,2017-07-13T21:56:40Z
Az Zabadani,33.72488,36.100498,33,2017-07-13T21:56:40Z
Izaz,36.58662,37.04628,17,2017-07-13T21:56:40Z
Manzini,-26.48333,31.366671,80,2017-07-13T21:56:40Z
Tursunzoda,38.51437,68.233269,94,2017-07-13T21:56:42Z
Boldumsaz,42.128239,59.671009,38,2017-07-13T21:56:42Z
Dasoguz,41.83625,59.966621,38,2017-07-13T21:56:42Z
Menzel Jemil,37.236179,9.91448,0,2017-07-13T21:56:42Z
Manzil Bu Zalafah,36.683121,10.58431,0,2017-07-13T21:56:42Z
Menzel Bourguiba,37.153679,9.78594,0,2017-07-13T21:56:42Z
Majaz al Bab,36.649639,9.61231,0,2017-07-13T21:56:43Z
Zarzis,33.503979,11.11216,0,2017-07-13T21:56:43Z
Douz,33.46632,9.0203,0,2017-07-13T21:56:43Z
Pazarcik,37.486851,37.29961,17,2017-07-13T21:56:43Z
Kiziltepe,37.193329,40.584999,19,2017-07-13T21:56:43Z
Gazipasa,36.269421,32.317921,100,2017-07-13T21:56:43Z
Ezine,39.78561,26.34083,84,2017-07-13T21:56:43Z
Bozyazi,36.1082,32.961128,86,2017-07-13T21:56:43Z
Bozuyuk,39.90778,30.036671,33,2017-07-13T21:56:43Z
Banaz,38.737068,29.75194,29,2017-07-13T21:56:43Z
Denizciler,36.649509,36.229561,58,2017-07-13T21:56:43Z
Korfez,40.776669,29.729719,62,2017-07-13T21:56:43Z
Vezirkopru,41.143608,35.45472,25,2017-07-13T21:56:43Z
Kizilcahamam,40.469719,32.650558,27,2017-07-13T21:56:43Z
Kazan,40.23167,32.683891,27,2017-07-13T21:56:43Z
Izmit,40.766941,29.916941,62,2017-07-13T21:56:43Z
Ferizli,40.940819,30.48583,62,2017-07-13T21:56:43Z
Beypazari,40.1675,31.92111,42,2017-07-13T21:56:43Z
Besikduzu,41.051991,39.228439,34,2017-07-13T21:56:43Z
Beylikduezue,40.981998,28.6399,100,2017-07-13T21:56:44Z
Sultangazi,41.106522,28.868469,100,2017-07-13T21:56:44Z
Uvinza,-5.10361,30.391109,50,2017-07-13T21:56:44Z
Muheza,-5.16667,38.783329,61,2017-07-13T21:56:44Z
Mlandizi,-6.7,38.73333,56,2017-07-13T21:56:44Z
Mazinde,-4.8,38.216671,61,2017-07-13T21:56:45Z
Izazi,-7.2,35.73333,42,2017-07-13T21:56:45Z
Chalinze,-6.63784,38.353958,48,2017-07-13T21:56:45Z
Lozova,48.88937,36.317551,59,2017-07-13T21:56:46Z
Lugazi,0.37722,32.91972,100,2017-07-13T21:56:46Z
Lutz,28.151119,-82.461479,81,2017-07-13T21:56:48Z
Martinez,33.517361,-82.075668,60,2017-07-13T21:56:48Z
Hazelwood,38.771439,-90.370949,74,2017-07-13T21:56:49Z
Wentzville,38.81144,-90.852913,83,2017-07-13T21:56:49Z
Schertz,29.55217,-98.26973,68,2017-07-13T21:56:54Z
Hazel Park,42.46254,-83.104088,89,2017-07-13T21:56:56Z
Kalamazoo,42.29171,-85.587227,88,2017-07-13T21:56:56Z
Elizabeth,40.66399,-74.210701,94,2017-07-13T21:56:56Z
Hazleton,40.95842,-75.974648,99,2017-07-13T21:56:57Z
Azusa,34.133621,-117.907562,47,2017-07-13T21:56:58Z
East Rancho Dominguez,33.898071,-118.195351,47,2017-07-13T21:56:58Z
Martinez,38.019371,-122.134132,49,2017-07-13T21:56:58Z
San Lorenzo,37.681042,-122.124413,49,2017-07-13T21:56:58Z
Santa Cruz,36.974121,-122.0308,71,2017-07-13T21:56:58Z
Keizer,44.99012,-123.026207,41,2017-07-13T21:57:00Z
Hazel Dell,45.671509,-122.66288,61,2017-07-13T21:57:00Z
Erkelenz,51.083328,6.31667,0,2017-07-13T21:57:00Z
Uzgen,40.769939,73.300682,97,2017-07-13T09:49:59Z
Vaduz,47.14151,9.52154,94,2017-07-13T09:49:59Z
Qazax,41.09333,45.366112,64,2017-07-13T09:50:01Z
Agdzhabedy,40.05278,47.461391,57,2017-07-13T09:50:01Z
Cazin,44.966942,15.94306,54,2017-07-13T09:50:01Z
Peruwelz,50.50819,3.59373,79,2017-07-13T09:50:02Z
Ngozi,-2.9075,29.830601,35,2017-07-13T09:50:03Z
Kayanza,-2.9221,29.629299,35,2017-07-13T09:50:03Z
Tupiza,-21.450001,-65.716667,18,2017-07-13T09:50:04Z
Mizque,-17.94101,-65.340157,58,2017-07-13T09:50:04Z
Santa Luzia,-7.63333,-47.200001,34,2017-07-13T09:50:05Z
Matriz de Camaragibe,-9.15167,-35.533329,97,2017-07-13T09:50:05Z
Byaroza,52.531399,24.9786,89,2017-07-13T09:50:08Z
Mbanza-Ngungu,-5.25,14.86667,70,2017-07-13T09:50:08Z
Taozhuang,34.849998,117.333328,92,2017-07-13T09:50:12Z
Tangjiazhuang,39.73333,118.449997,78,2017-07-13T09:50:12Z
Suozhen,36.953892,118.104721,60,2017-07-13T09:50:12Z
Bianzhuang,34.84861,118.044724,72,2017-07-13T09:50:13Z
Giengen an der Brenz,48.622189,10.24312,76,2017-07-13T09:50:14Z
Constanza,18.909189,-70.744987,79,2017-07-13T09:50:14Z
Mazouna,36.122318,0.89865,14,2017-07-13T09:50:14Z
Bab Ezzouar,36.726151,3.18291,97,2017-07-13T09:50:14Z
Azazga,36.74472,4.37222,98,2017-07-13T09:50:14Z
Amizour,36.640221,4.90131,100,2017-07-13T09:50:14Z
Al Manzilah,31.15815,31.937,46,2017-07-13T09:50:15Z
Al Jizah,30.00808,31.21093,25,2017-07-13T09:50:15Z
Az Zarqa,31.20829,31.63554,46,2017-07-13T09:50:15Z
Santa Cruz de la Palma,28.68351,-17.76421,93,2017-07-13T09:50:16Z
Nazret,8.55,39.26667,100,2017-07-13T09:50:17Z
Montigny-les-Metz,49.094349,6.15167,61,2017-07-13T09:50:19Z
Meyzieu,45.76667,5,51,2017-07-13T09:50:19Z
Szarvas,46.866669,20.549999,48,2017-07-13T09:50:21Z
Szigetszentmiklos,47.343819,19.04335,34,2017-07-13T09:50:21Z
Wazirganj,28.216669,79.050003,75,2017-07-13T09:50:25Z
Aizawl,23.73333,92.716667,64,2017-07-15T21:55:50Z
Afzalpur,17.200001,76.349998,76,2017-07-15T21:55:50Z
Afzalgarh,29.4,78.683327,80,2017-07-15T21:55:50Z
Muvattupuzha,9.97985,76.573807,92,2017-07-15T21:55:50Z
Rawanduz,36.61631,44.531109,33,2017-07-15T21:55:51Z
Az Zubayr,30.39447,47.701141,13,2017-07-15T21:55:51Z
Al Aziziyah,32.90583,45.06163,13,2017-07-15T21:55:51Z
Saqqez,36.24992,46.273499,18,2017-07-15T21:55:52Z
Shahin Dezh,36.679298,46.566898,43,2017-07-15T21:55:52Z
Sabzevar,36.212601,57.681911,27,2017-07-15T21:55:52Z
Ramhormoz,31.27997,49.603512,10,2017-07-15T21:55:52Z
Neyriz,29.198799,54.327801,16,2017-07-15T21:55:52Z
Nazarabad,35.952099,50.607498,47,2017-07-15T21:55:52Z
Mehriz,31.591681,54.431782,19,2017-07-15T21:55:52Z
Firuzabad,28.8438,52.570702,15,2017-07-15T21:55:52Z
Borazjan,29.2666,51.2159,50,2017-07-15T21:55:53Z
Azna,33.609501,48.930698,24,2017-07-15T21:55:53Z
Ahvaz,31.320299,48.6693,12,2017-07-15T21:55:53Z
Dorcheh Piaz,32.61528,51.555561,15,2017-07-15T21:55:53Z
Pozzallo,36.730541,14.84989,0,2017-07-15T21:55:53Z
Catanzaro,38.890789,16.5987,76,2017-07-15T21:55:53Z
Vigonza,45.427601,11.95941,0,2017-07-15T21:55:53Z
Terzigno,40.81221,14.49644,0,2017-07-15T21:55:53Z
Selvazzano Dentro,45.391392,11.80051,0,2017-07-15T21:55:53Z
San Lazzaro di Savena,44.46777,11.41401,0,2017-07-15T21:55:53Z
Rozzano,45.38187,9.16055,0,2017-07-15T21:55:53Z
Roseto degli Abruzzi,42.666351,14.0227,0,2017-07-15T21:55:54Z
Pomezia,41.667011,12.50518,0,2017-07-15T21:55:54Z
Oderzo,45.779999,12.48806,0,2017-07-15T21:55:54Z
Melzo,45.50127,9.42525,0,2017-07-15T21:55:54Z
Gorizia,45.94088,13.62167,0,2017-07-15T21:55:54Z
Gorgonzola,45.53157,9.40465,0,2017-07-15T21:55:54Z
Poza Rica de Hidalgo,20.53315,-97.459457,100,2016-11-21T10:21:39Z
Ozumba de Alzate,19.049999,-98.800003,30,2016-11-21T10:21:39Z
Comitan de Dominguez,16.25,-92.133331,62,2016-11-21T10:21:40Z
Ciudad Mendoza,18.799999,-97.183327,45,2016-11-21T10:21:40Z
Ciudad Fernandez,21.950001,-100,78,2016-11-21T10:21:40Z
Chichen-Itza,20.66667,-88.566673,51,2016-11-21T10:21:41Z
Chiapa de Corzo,16.700001,-93,47,2016-11-21T10:21:41Z
Ciudad Lopez Mateos,19.558331,-99.261391,49,2016-11-21T10:21:41Z
Acatzingo de Hidalgo,18.98333,-97.783333,30,2016-11-21T10:21:41Z
Acapulco de Juarez,16.863359,-99.890099,99,2016-11-21T10:21:41Z
San Mateo Otzacatipan,19.327221,-99.606667,53,2016-11-21T10:21:41Z
Manzanillo,19.05011,-104.318787,38,2016-11-21T10:21:41Z
Jerez de Garcia Salinas,22.65,-103,49,2016-11-21T10:21:41Z
Encarnacion de Diaz,21.51667,-102.23333,59,2016-11-21T10:21:41Z
Atoyac de Alvarez,17.200001,-100.433327,99,2016-11-21T10:21:41Z
Lazaro Cardenas,17.95833,-102.199997,67,2016-11-21T10:21:41Z
Montepuez,-13.12556,38.999722,68,2016-11-21T10:21:46Z
Ozubulu,5.95666,6.84904,70,2016-11-21T10:21:50Z
Gwoza,11.10359,13.71298,20,2016-11-21T10:21:55Z
Gwarzo,11.91521,7.9346,57,2016-11-21T10:21:55Z
Ezza Ohu,6.4373,8.0862,62,2016-11-21T10:21:55Z
Enugu-Ezike,6.9825,7.457,66,2016-11-21T10:21:55Z
Darazo,10.99375,10.41179,27,2016-11-21T10:21:55Z
Azare,11.6765,10.1948,22,2016-11-21T10:21:56Z
La Paz Centro,12.34,-86.675278,93,2016-11-21T10:21:56Z
Terneuzen,51.335831,3.82778,94,2016-11-21T10:21:56Z
s-Gravenzande,52.001671,4.16528,95,2016-11-21T10:21:56Z
Oldenzaal,52.313332,6.92917,89,2016-11-21T10:21:56Z
Huizen,52.299171,5.24167,94,2016-11-21T10:21:56Z
Enkhuizen,52.703331,5.29167,98,2016-11-21T10:21:57Z
Delfzijl,53.330002,6.91806,93,2016-11-21T10:21:57Z
Benthuizen,52.077499,4.54444,94,2016-11-21T10:21:57Z
Nazca,-14.83333,-74.949997,47,2016-11-21T10:22:00Z
Ozamiz City,8.14583,123.844437,99,2016-11-21T10:22:00Z
Norzagaray,14.9109,121.049301,90,2016-11-21T10:22:00Z
Munoz,15.71611,120.903061,99,2016-11-21T10:22:01Z
Rodriguez,14.7314,121.141701,90,2016-11-21T10:22:01Z
Lopez,13.88444,122.264168,100,2016-11-21T10:22:03Z
La Paz,15.44125,120.72863,90,2016-11-21T10:22:03Z
Cadiz,10.95056,123.285561,92,2016-11-21T10:22:04Z
Yazman Mandi,29.12122,71.744591,87,2016-11-21T10:22:04Z
Wazirabad,32.445831,74.115936,88,2016-11-21T10:22:04Z
Utmanzai,34.187988,71.762863,90,2016-11-21T10:22:05Z
Naushahro Firoz,26.842381,68.122978,71,2016-11-21T10:22:09Z
Muzaffargarh,30.075371,71.192131,93,2016-11-21T10:22:09Z
Muzaffarabad,34.369999,73.471107,89,2016-11-21T10:22:09Z
Hazro,33.909142,72.492119,90,2016-11-21T10:22:10Z
Hafizabad,32.06786,73.685448,88,2016-11-21T10:22:10Z
Fazalpur,32.183331,75.066673,74,2016-11-21T10:22:10Z
Dera Ghazi Khan,30.056141,70.634773,93,2016-11-21T10:22:10Z
Chak Azam Saffo,30.75,73.033333,87,2016-11-21T10:22:10Z
Wieliczka,49.987381,20.06473,78,2016-11-21T10:22:10Z
Skarzysko-Kamienna,51.11311,20.87162,79,2016-11-21T10:22:10Z
Siemiatycze,52.427189,22.86231,87,2016-11-21T10:22:10Z
Przemysl,49.784981,22.767281,92,2016-11-21T10:22:10Z
Pruszkow,52.170719,20.81214,87,2016-11-21T10:22:10Z
Minsk Mazowiecki,52.179352,21.57251,88,2016-11-21T10:22:10Z
Lomza,53.178059,22.059349,90,2016-11-21T10:22:10Z
Leczna,51.301208,22.88135,87,2016-11-21T10:22:10Z
Konstancin-Jeziorna,52.0938,21.117611,87,2016-11-21T10:22:10Z
Hrubieszow,50.805019,23.892509,88,2016-11-21T10:22:10Z
Grodzisk Mazowiecki,52.10387,20.633699,87,2016-11-21T10:22:10Z
Gierloz,54.081341,21.49551,90,2016-11-21T10:22:10Z
Trzcianka,53.04063,16.45628,93,2016-11-21T10:22:10Z
Poznan,52.406921,16.92993,90,2016-11-21T10:22:10Z
Pleszew,51.896358,17.78549,85,2016-11-21T10:22:10Z
Myszkow,50.575199,19.32461,70,2016-11-21T10:22:10Z
Miedzyrzecz,52.444611,15.57801,91,2016-11-21T10:22:10Z
Libiaz,50.103958,19.31568,66,2016-11-21T10:22:10Z
Leczyca,52.059589,19.19972,90,2016-11-21T10:22:10Z
Koszalin,54.194382,16.17222,92,2016-11-21T10:22:10Z
Jastrzebie Zdroj,49.955421,18.574789,66,2016-11-21T10:22:10Z
Gniezno,52.534809,17.58259,89,2016-11-21T10:22:10Z
Dabrowa Gornicza,50.31818,19.2374,66,2016-11-21T10:22:10Z
Czeladz,50.315418,19.078239,66,2016-11-21T10:22:10Z
Cieszyn,49.751331,18.63213,66,2016-11-21T10:22:10Z
Chodziez,52.995049,16.9198,91,2016-11-21T10:22:10Z
Bydgoszcz,53.123501,18.00762,89,2016-11-21T10:22:10Z
Bedzin,50.326069,19.12565,66,2016-11-21T10:22:10Z
Aleksandrow Lodzki,51.819649,19.303841,90,2016-11-21T10:22:10Z
Mayaguez,18.201071,-67.139618,100,2016-11-21T10:22:11Z
Gaza,31.5,34.466671,97,2016-11-21T10:22:11Z
Al Ayzariyah,31.770781,35.269161,39,2016-11-21T10:22:11Z
Santa Iria da Azoia,38.846291,-9.08748,97,2016-11-21T10:22:12Z
Queluz,38.756569,-9.25451,97,2016-11-21T10:22:12Z
Povoa de Varzim,41.383438,-8.76364,100,2016-11-21T10:22:13Z
San Lorenzo,-25.33333,-57.533329,75,2016-11-21T10:22:13Z
Mizil,45.01667,26.450001,94,2016-11-21T10:22:14Z
Breaza,45.183331,25.66667,94,2016-11-21T10:22:14Z
Lazarevac,44.385342,20.255699,82,2016-11-21T10:22:14Z
Yelizavetinskaya,45.04446,38.795799,52,2016-11-21T10:22:15Z
Uzlovaya,53.981789,38.171181,89,2016-11-21T10:22:15Z
Ryazhsk,53.7038,40.110901,74,2016-11-21T10:22:17Z
Novouzensk,50.459171,48.143059,67,2016-11-21T10:22:20Z
Nizhnyaya Tura,58.629299,59.811798,76,2016-11-21T10:22:20Z
Nazran,43.226109,44.764999,88,2016-11-21T10:22:20Z
Mozhga,56.444691,52.227631,93,2016-11-21T10:22:20Z
Mozdok,43.749168,44.688061,82,2016-11-21T10:22:21Z
Kozelsk,54.03746,35.771591,85,2016-11-21T10:22:21Z
Kazan,55.788738,49.122139,93,2016-11-21T10:22:22Z
Inozemtsevo,44.09264,43.091129,89,2016-11-21T10:22:22Z
Ezhva,61.812809,50.72834,87,2016-11-21T10:22:22Z
Bezhetsk,57.785061,36.69651,94,2016-11-21T10:22:23Z
Berezovskiy,55.599998,86.199997,81,2016-11-21T10:22:27Z
Krasnoznamensk,55.599442,37.038609,91,2016-11-21T10:22:28Z
Izluchinsk,60.979439,76.92421,80,2016-11-21T10:22:28Z
Musanze,-1.49984,29.63497,100,2016-11-21T10:22:28Z
Ad-Damazin,11.7891,34.3592,19,2016-11-21T10:22:31Z
Ruzomberok,49.074799,19.30751,81,2016-11-21T10:22:35Z
Prievidza,48.77446,18.627501,81,2016-11-21T10:22:35Z
Povazska Bystrica,49.121529,18.42169,79,2016-11-21T10:22:35Z
Brezno,48.80431,19.636311,86,2016-11-21T10:22:35Z
Az Zabadani,33.72488,36.100498,59,2016-11-21T10:22:36Z
Izaz,36.58662,37.04628,49,2016-11-21T10:22:36Z
Manzini,-26.48333,31.366671,55,2016-11-21T10:22:38Z
Tursunzoda,38.51437,68.233269,87,2016-11-21T10:22:46Z
Boldumsaz,42.128239,59.671009,93,2016-11-21T10:22:47Z
Dasoguz,41.83625,59.966621,93,2016-11-21T10:22:47Z
Menzel Jemil,37.236179,9.91448,91,2016-11-21T10:22:50Z
Manzil Bu Zalafah,36.683121,10.58431,100,2016-11-21T10:22:50Z
Menzel Bourguiba,37.153679,9.78594,91,2016-11-21T10:22:50Z
Majaz al Bab,36.649639,9.61231,91,2016-11-21T10:22:50Z
Zarzis,33.503979,11.11216,100,2016-11-21T10:22:50Z
Douz,33.46632,9.0203,64,2016-11-21T10:22:50Z
Pazarcik,37.486851,37.29961,49,2016-11-21T10:22:54Z
Kiziltepe,37.193329,40.584999,47,2016-11-21T10:22:54Z
Gazipasa,36.269421,32.317921,100,2016-11-21T10:22:55Z
Ezine,39.78561,26.34083,100,2016-11-21T10:22:55Z
Bozyazi,36.1082,32.961128,86,2016-11-21T10:22:58Z
Bozuyuk,39.90778,30.036671,73,2016-11-21T10:22:58Z
Banaz,38.737068,29.75194,67,2016-11-21T10:22:58Z
Denizciler,36.649509,36.229561,55,2016-11-21T10:22:58Z
Korfez,40.776669,29.729719,84,2016-11-21T10:22:58Z
Vezirkopru,41.143608,35.45472,90,2016-11-21T10:22:58Z
Kizilcahamam,40.469719,32.650558,77,2016-11-21T10:22:58Z
Kazan,40.23167,32.683891,77,2016-11-21T10:22:58Z
Izmit,40.766941,29.916941,84,2016-11-21T10:22:59Z
Ferizli,40.940819,30.48583,84,2016-11-21T10:22:59Z
Beypazari,40.1675,31.92111,80,2016-11-21T10:22:59Z
Besikduzu,41.051991,39.228439,76,2016-11-21T10:22:59Z
Beylikduezue,40.981998,28.6399,100,2016-11-21T10:22:59Z
Sultangazi,41.106522,28.868469,100,2016-11-21T10:22:59Z
Uvinza,-5.10361,30.391109,86,2016-11-21T10:23:02Z
Muheza,-5.16667,38.783329,100,2016-11-21T10:23:04Z
Mlandizi,-6.7,38.73333,85,2016-11-21T10:23:04Z
Mazinde,-4.8,38.216671,54,2016-11-21T10:23:05Z
Izazi,-7.2,35.73333,34,2016-11-21T10:23:06Z
Walbrzych,50.771412,16.284321,0,2017-07-14T21:46:39Z
Zhengzhou,34.757778,113.648613,100,2017-07-14T21:46:39Z
Villazon,-22.08659,-65.594223,76,2017-07-14T21:46:40Z
Uchiza,-8.45917,-76.463333,83,2017-07-14T21:46:43Z
Hazorasp,41.319439,61.074169,35,2017-07-14T21:46:44Z
Chinoz,40.93639,68.769722,58,2017-07-14T21:46:44Z
Mucumpiz,8.41667,-71.133331,96,2017-07-14T21:46:44Z
Buzovna,40.517891,50.113899,75,2017-07-14T21:46:44Z
Amirdzhan,40.426392,49.983608,77,2017-07-14T21:46:45Z
Nuzvid,16.783331,80.849998,78,2017-07-14T21:46:53Z
Suzaka,36.650002,138.316666,91,2017-07-14T21:46:53Z
Salzburg,47.799412,13.04399,0,2017-07-14T21:46:56Z
Venezia,45.43861,12.32667,0,2017-07-14T21:46:57Z
La Paz,-34.761669,-56.22361,100,2017-07-14T21:46:58Z
Monze,-16.283331,27.48333,43,2017-07-14T21:46:59Z
Petrozavodsk,61.784912,34.346909,86,2017-07-14T21:46:59Z
Vyazemskiy,47.537777,134.752502,96,2017-07-14T21:47:00Z
Voronezh,51.666389,39.169998,68,2017-07-14T21:47:00Z
Kozani,40.301109,21.78639,74,2017-07-14T21:47:01Z
Potenza,40.644321,15.80857,0,2017-07-14T21:47:01Z
Yuzhno-Sakhalinsk,46.958118,142.733658,72,2017-07-14T21:47:03Z
La Paz,-16.5,-68.150002,84,2017-07-14T21:47:04Z
Miyazaki-shi,31.91111,131.423889,68,2017-07-14T21:47:04Z
Kashiwazaki,37.366669,138.550003,86,2017-07-14T21:47:05Z
Enzan,35.700001,138.733337,71,2017-07-14T21:47:05Z
Uozu,36.799999,137.399994,82,2017-07-14T21:47:05Z
Tarumizu,31.48333,130.699997,87,2017-07-14T21:47:06Z
Obanazawa,38.603329,140.401947,84,2017-07-14T21:47:06Z
Ozu,33.5,132.550003,86,2017-07-14T21:47:06Z
Tezpur,26.633329,92.800003,87,2017-07-14T21:47:06Z
Uzice,43.858608,19.84878,62,2017-07-14T21:47:06Z
Sarzana,44.11145,9.95859,0,2017-07-14T21:47:07Z
Penzance,50.11861,-5.53715,0,2017-07-14T21:47:08Z
Heidenheim an der Brenz,48.677979,10.15162,0,2017-07-14T21:47:10Z
Sulzbach-Rosenberg,49.498329,11.75167,0,2017-07-14T21:47:10Z
Tabriz,38.080002,46.291901,39,2017-07-14T21:47:11Z
Kazerun,29.61949,51.654148,15,2017-07-14T21:47:11Z
Bandar-e Anzali,37.472698,49.4622,76,2017-07-14T21:47:11Z
Cadiz,36.533611,-6.29944,0,2017-07-14T21:47:12Z
Kunduz,36.728958,68.857002,43,2017-07-14T21:47:13Z
Sidi Bouzid,35.038231,9.48494,0,2017-07-14T21:47:14Z
Bizerte,37.274422,9.87391,0,2017-07-14T21:47:14Z
Izmir,38.412731,27.13838,67,2017-07-14T21:47:14Z
Gebze,40.802761,29.430679,94,2017-07-14T21:47:14Z
Orhangazi,40.48917,29.308889,53,2017-07-14T21:47:14Z
Cerkezkoy,41.285,28.00028,100,2017-07-14T21:47:14Z
Geulzuk,40.716671,29.828609,64,2017-07-14T21:47:14Z
Erzincan,39.75222,39.492779,30,2017-07-14T21:47:15Z
Rize,41.020828,40.521938,52,2017-07-14T21:47:15Z
Uzgen,40.769939,73.300682,67,2017-07-14T21:47:17Z
Vaduz,47.14151,9.52154,0,2017-07-14T21:47:18Z
Qazax,41.09333,45.366112,68,2017-07-14T21:47:20Z
Agdzhabedy,40.05278,47.461391,51,2017-07-14T21:47:20Z
Cazin,44.966942,15.94306,0,2017-07-14T21:47:20Z
Peruwelz,50.50819,3.59373,0,2017-07-14T21:47:21Z
Ngozi,-2.9075,29.830601,45,2017-07-14T21:47:21Z
Kayanza,-2.9221,29.629299,45,2017-07-14T21:47:21Z
Tupiza,-21.450001,-65.716667,19,2017-07-14T21:47:22Z
Mizque,-17.94101,-65.340157,85,2017-07-14T21:47:22Z
Santa Luzia,-7.63333,-47.200001,46,2017-07-14T21:47:23Z
Matriz de Camaragibe,-9.15167,-35.533329,85,2017-07-14T21:47:24Z
Byaroza,52.531399,24.9786,69,2017-07-14T21:47:26Z
Mbanza-Ngungu,-5.25,14.86667,0,2017-07-14T21:47:26Z
Taozhuang,34.849998,117.333328,94,2017-07-14T21:47:30Z
Tangjiazhuang,39.73333,118.449997,82,2017-07-14T21:47:30Z
Suozhen,36.953892,118.104721,100,2017-07-14T21:47:30Z
Bianzhuang,34.84861,118.044724,86,2017-07-14T21:47:31Z
Giengen an der Brenz,48.622189,10.24312,0,2017-07-14T21:47:32Z
Constanza,18.909189,-70.744987,98,2017-07-14T21:47:32Z
Mazouna,36.122318,0.89865,0,2017-07-14T21:47:32Z
Bab Ezzouar,36.726151,3.18291,0,2017-07-14T21:47:33Z
Azazga,36.74472,4.37222,0,2017-07-14T21:47:33Z
Amizour,36.640221,4.90131,0,2017-07-14T21:47:33Z
Al Manzilah,31.15815,31.937,55,2017-07-14T21:47:33Z
Al Jizah,30.00808,31.21093,30,2017-07-14T21:47:33Z
Az Zarqa,31.20829,31.63554,55,2017-07-14T21:47:33Z
Santa Cruz de la Palma,28.68351,-17.76421,100,2017-07-14T21:47:34Z
Nazret,8.55,39.26667,97,2017-07-14T21:47:35Z
Montigny-les-Metz,49.094349,6.15167,0,2017-07-14T21:47:37Z
Meyzieu,45.76667,5,0,2017-07-14T21:47:37Z
Szarvas,46.866669,20.549999,61,2017-07-14T21:47:39Z
Szigetszentmiklos,47.343819,19.04335,97,2017-07-14T21:47:39Z
Wazirganj,28.216669,79.050003,93,2017-07-14T21:47:43Z
Siswa Bazar,27.15,83.76667,91,2017-07-14T21:47:48Z
Sirkazhi,11.23333,79.73333,59,2017-07-14T21:47:48Z
Razam,18.466669,83.666672,100,2017-07-14T21:47:50Z
Muzaffarnagar,29.466669,77.683327,80,2017-07-14T21:47:53Z
Masaurhi Buzurg,25.35,85.033333,90,2017-07-14T21:47:53Z
Azadshahr,34.790878,48.570728,43,2017-07-14T21:47:54Z
Terlizzi,41.13113,16.54528,46,2017-07-14T21:47:54Z
Suzzara,44.991871,10.74309,0,2017-07-14T21:47:54Z
Squinzano,40.436531,18.041821,71,2017-07-14T21:47:54Z
Arzano,40.91441,14.26713,0,2017-07-14T21:47:55Z
Lumezzane,45.647881,10.26487,0,2017-07-14T21:47:55Z
Izra,31.15889,35.69278,40,2017-07-14T21:47:55Z
Az Zarqa,32.07275,36.087959,39,2017-07-14T21:47:55Z
Takarazuka,34.799358,135.356964,58,2017-07-14T21:47:55Z
Shiozawa,37.033329,138.850006,86,2017-07-14T21:47:55Z
Maizuru,35.450001,135.333328,58,2017-07-14T21:47:55Z
Kozakai-cho,34.799999,137.358887,93,2017-07-14T21:47:55Z
Kazo,36.116669,139.600006,75,2017-07-14T21:47:55Z
Mizusawa,39.133331,141.133331,66,2017-07-14T21:47:56Z
Kinzan,36.103062,127.488892,90,2017-07-14T21:47:58Z
Az Zuwaytinah,30.9522,20.12022,97,2017-07-14T21:48:00Z
Mizdah,31.445141,12.98013,0,2017-07-14T21:48:00Z
Slobozia,46.728062,29.707781,62,2017-07-14T21:48:01Z
Anjozorobe,-18.4,47.866669,41,2017-07-14T21:48:01Z
Soledad Diez Gutierrez,22.200001,-100.949997,84,2017-07-14T21:48:02Z
San Luis de la Paz,21.299999,-100.51667,74,2017-07-14T21:48:02Z
Manjacaze,-24.71167,33.882778,98,2017-07-14T21:48:03Z
Tanza,14.6753,120.938904,93,2017-07-14T21:48:05Z
Santa Cruz,15.7654,119.909203,97,2017-07-14T21:48:06Z
Santa Cruz,14.9132,120.562599,93,2017-07-14T21:48:06Z
Rizal,15.7118,121.106102,82,2017-07-14T21:48:07Z
Quezon,15.5512,120.814697,82,2017-07-14T21:48:07Z
Quezon,7.73028,125.098892,84,2017-07-14T21:48:07Z
Pulong Santa Cruz,14.27917,121.085281,100,2017-07-14T21:48:07Z
Radzionkow,50.400261,18.902321,94,2017-07-14T21:48:08Z
Kluczbork,50.972809,18.218161,82,2017-07-14T21:48:09Z
Glucholazy,50.315048,17.383551,93,2017-07-14T21:48:09Z
Czerwionka-Leszczyny,50.15007,18.67762,94,2017-07-14T21:48:09Z
Az Zahiriyah,31.40967,34.973289,37,2017-07-14T21:48:09Z
Fanzeres,41.170872,-8.5257,0,2017-07-14T21:48:09Z
Ermezinde,41.22176,-8.55462,0,2017-07-14T21:48:09Z
Knjazevac,43.564838,22.250231,49,2017-07-14T21:48:10Z
Ekazhevo,43.212219,44.823059,58,2017-07-14T21:48:10Z
Al Munayzilah,25.383329,49.666672,11,2017-07-14T21:48:11Z
Al Mubarraz,25.41,49.58083,11,2017-07-14T21:48:11Z
Gazanjyk,39.244629,55.515362,20,2017-07-14T21:48:15Z
Buzmeyin,38.050671,58.205589,34,2017-07-14T21:48:15Z
Menzel Abderhaman,37.23737,9.86313,0,2017-07-14T21:48:15Z
Erzin,36.955891,36.200001,55,2017-07-14T21:48:15Z
Hizan,38.225719,42.427761,19,2017-07-14T21:48:16Z
Artsyz,45.99194,29.41824,55,2017-07-14T21:48:17Z
Wobulenzi,0.72833,32.512218,91,2017-07-14T21:48:17Z
Elizabeth City,36.294601,-76.251053,78,2017-07-14T21:48:19Z
Firozpur Jhirka,27.799999,76.949997,68,2017-07-14T21:48:25Z
Zheleznodorozhnyy,55.750278,38.004166,59,2017-07-14T21:48:25Z
Berezhani,49.450001,24.933332,60,2017-07-14T21:48:26Z
Avezzano,42.04023,13.4388,0,2017-07-14T21:48:27Z
Ciudad Juarez,31.73333,-106.48333,61,2017-07-14T21:48:28Z
Mazatlan,23.216669,-106.416672,100,2017-07-14T21:48:28Z
Orizaba,18.85,-97.099998,91,2017-07-14T21:48:28Z
Uelzen,52.966671,10.56667,0,2017-07-14T21:48:28Z
Kitzingen,49.73333,10.16667,0,2017-07-14T21:48:28Z
Kreuztal,50.966671,7.98333,0,2017-07-14T21:48:28Z
Shiraz,29.6036,52.538799,19,2017-07-14T21:48:28Z
Denizli,37.77417,29.0875,27,2017-07-14T21:48:29Z
Trabzon,41.005001,39.72694,63,2017-07-14T21:48:30Z
Erzurum,39.908611,41.276939,41,2017-07-14T21:48:30Z
Yozgat,39.82,34.80444,32,2017-07-14T21:48:30Z
Zalaegerszeg,46.84,16.843889,75,2017-07-14T21:48:31Z
Matanzas,23.041109,-81.577499,94,2017-07-14T21:48:31Z
Mamoudzou,-12.77944,45.227219,100,2017-07-14T21:48:31Z
Varzea Alegre,-5.35,-40.383331,46,2017-07-14T21:48:33Z
Vera Cruz,-12.63333,-41.033329,88,2017-07-14T21:48:33Z
Vazante,-17.98694,-46.90778,60,2017-07-14T21:48:33Z
Santaluz,-11.25583,-39.374722,85,2017-07-14T21:48:33Z
Dois Vizinhos,-25.73361,-53.05722,70,2017-07-14T21:48:34Z
Santa Cruz,-34.633331,-71.366669,98,2017-07-14T21:48:36Z
Esparza,9.99447,-84.664658,84,2017-07-14T21:48:37Z
Kamenz,51.267979,14.09374,0,2017-07-14T21:48:37Z
Bazpur,29.15,79.116669,77,2017-07-15T09:55:50Z
Baloda Bazar,21.66667,82.166672,87,2017-07-15T09:55:50Z
Azamgarh,26.059999,83.186111,78,2017-07-15T09:55:50Z
Aizawl,23.73333,92.716667,92,2017-07-15T09:55:50Z
Afzalpur,17.200001,76.349998,86,2017-07-15T09:55:50Z
Afzalgarh,29.4,78.683327,77,2017-07-15T09:55:50Z
Muvattupuzha,9.97985,76.573807,94,2017-07-15T09:55:50Z
Rawanduz,36.61631,44.531109,28,2017-07-15T09:55:51Z
Az Zubayr,30.39447,47.701141,15,2017-07-15T09:55:51Z
Al Aziziyah,32.90583,45.06163,11,2017-07-15T09:55:51Z
Saqqez,36.24992,46.273499,15,2017-07-15T09:55:52Z
Shahin Dezh,36.679298,46.566898,60,2017-07-15T09:55:52Z
Sabzevar,36.212601,57.681911,23,2017-07-15T09:55:52Z
Ramhormoz,31.27997,49.603512,8,2017-07-15T09:55:52Z
Neyriz,29.198799,54.327801,16,2017-07-15T09:55:52Z
Nazarabad,35.952099,50.607498,56,2017-07-15T09:55:52Z
Mehriz,31.591681,54.431782,17,2017-07-15T09:55:52Z
Firuzabad,28.8438,52.570702,14,2017-07-15T09:55:52Z
Borazjan,29.2666,51.2159,50,2017-07-15T09:55:53Z
Azna,33.609501,48.930698,24,2017-07-15T09:55:53Z
